{
  "as_of_utc": "2026-01-01T19:50:34Z",
  "games_total": 497,
  "spread": {
    "games": 497,
    "mae": 1.237045251306663,
    "rmse": 2.2377885141218923,
    "win_rate": 0.9738430583501007,
    "ats_cover_rate": 0.5070422535211268
  },
  "total": {
    "games": 497,
    "mae": 11.290784213840585,
    "rmse": 38.30115466365254
  },
  "buckets": {
    "0-2.5": {
      "games": 57,
      "win_rate": 0.8421052631578947
    },
    "8.5+": {
      "games": 293,
      "win_rate": 1.0
    },
    "5.5-8.5": {
      "games": 62,
      "win_rate": 0.967741935483871
    },
    "2.5-5.5": {
      "games": 85,
      "win_rate": 0.9764705882352941
    }
  },
  "seasons": {
    "2026": {
      "spread": {
        "games": 497,
        "mae": 1.237045251306663,
        "rmse": 2.2377885141218923,
        "win_rate": 0.9738430583501007,
        "ats_cover_rate": 0.5070422535211268
      },
      "total": {
        "games": 497,
        "mae": 11.290784213840585,
        "rmse": 38.30115466365254
      }
    }
  }
}