{
  "as_of_utc": "2026-01-01T17:37:36Z",
  "window_days": 60,
  "samples": {
    "spread": 401,
    "total": 401
  },
  "spread": {
    "slope": 1.127312106174687,
    "intercept": -0.32158978260320426
  },
  "total": {
    "slope": 0.13903665938799717,
    "intercept": -0.7660202040629642
  }
}