{
  "as_of_utc": "2026-01-03T14:35:19Z",
  "tie_policy": "skip",
  "overall": {
    "games_total": 1833,
    "win_rate_total": 0.6879432624113475,
    "games_last_7": 54,
    "win_rate_last_7": 0.6666666666666666,
    "games_last_30": 189,
    "win_rate_last_30": 0.6031746031746031,
    "rating_gap_8_plus": {
      "season_to_date": {
        "games": 405,
        "win_rate": 0.8395061728395061
      },
      "last_30_days": {
        "games": 74,
        "win_rate": 0.7162162162162162
      },
      "last_7_days": {
        "games": 25,
        "win_rate": 0.76
      },
      "yesterday": {
        "games": 2,
        "win_rate": 1.0
      }
    }
  },
  "seasons": {
    "2025": {
      "games_total": 1321,
      "win_rate_total": 0.6896290688872067,
      "games_last_7": 0,
      "win_rate_last_7": null,
      "games_last_30": 0,
      "win_rate_last_30": null
    },
    "2026": {
      "games_total": 512,
      "win_rate_total": 0.68359375,
      "games_last_7": 54,
      "win_rate_last_7": 0.6666666666666666,
      "games_last_30": 189,
      "win_rate_last_30": 0.6031746031746031
    }
  }
}