{
  "as_of_utc": "2026-01-03T14:25:20Z",
  "tie_policy": "skip",
  "overall": {
    "games_total": 1823,
    "win_rate_total": 0.6884256719692814,
    "games_last_7": 44,
    "win_rate_last_7": 0.6818181818181818,
    "games_last_30": 179,
    "win_rate_last_30": 0.6033519553072626,
    "rating_gap_8_plus": {
      "season_to_date": {
        "games": 403,
        "win_rate": 0.8387096774193549
      },
      "last_30_days": {
        "games": 72,
        "win_rate": 0.7083333333333334
      },
      "last_7_days": {
        "games": 23,
        "win_rate": 0.7391304347826086
      },
      "yesterday": {
        "games": 2,
        "win_rate": 1.0
      }
    }
  },
  "seasons": {
    "2025": {
      "games_total": 1321,
      "win_rate_total": 0.6896290688872067,
      "games_last_7": 0,
      "win_rate_last_7": null,
      "games_last_30": 0,
      "win_rate_last_30": null
    },
    "2026": {
      "games_total": 502,
      "win_rate_total": 0.6852589641434262,
      "games_last_7": 44,
      "win_rate_last_7": 0.6818181818181818,
      "games_last_30": 179,
      "win_rate_last_30": 0.6033519553072626
    }
  }
}