{
  "season": 2026,
  "run_date_utc": "2025-12-29",
  "games_count": 823,
  "mae": 10.218073130854751,
  "rmse": 12.855381807466136
}