{
  "season": 2026,
  "run_date_utc": "2025-12-29",
  "games_count": 829,
  "mae": 10.227143142646698,
  "rmse": 12.854636302405776
}