{
  "season": 2026,
  "run_date_utc": "2026-01-02",
  "games_count": 858,
  "mae": 10.121842519282461,
  "rmse": 12.828315177513387
}