{
  "as_of_utc": "2025-12-30T18:41:22Z",
  "games_total": 484,
  "spread": {
    "games": 484,
    "mae": 23.685355385544106,
    "rmse": 29.445239891092992,
    "win_rate": 0.03512396694214876,
    "ats_cover_rate": 0.5454545454545454
  },
  "total": {
    "games": 484,
    "mae": 6.051375095700841,
    "rmse": 13.166734164798436
  },
  "buckets": {
    "2.5-5.5": {
      "games": 91,
      "win_rate": 0.07692307692307693
    },
    "8.5+": {
      "games": 269,
      "win_rate": 0.0
    },
    "5.5-8.5": {
      "games": 73,
      "win_rate": 0.0136986301369863
    },
    "0-2.5": {
      "games": 51,
      "win_rate": 0.17647058823529413
    }
  },
  "seasons": {
    "2026": {
      "spread": {
        "games": 484,
        "mae": 23.685355385544106,
        "rmse": 29.445239891092992,
        "win_rate": 0.03512396694214876,
        "ats_cover_rate": 0.5454545454545454
      },
      "total": {
        "games": 484,
        "mae": 6.051375095700841,
        "rmse": 13.166734164798436
      }
    }
  }
}