{
  "as_of_utc": "2026-01-03T09:54:40Z",
  "games_total": 512,
  "spread": {
    "games": 512,
    "mae": 1.511644939344146,
    "rmse": 3.031849527873575,
    "win_rate": 0.96875,
    "ats_cover_rate": 0.501953125
  },
  "total": {
    "games": 512,
    "mae": 11.279330185564586,
    "rmse": 37.805179922885
  },
  "buckets": {
    "0-2.5": {
      "games": 58,
      "win_rate": 0.8448275862068966
    },
    "8.5+": {
      "games": 299,
      "win_rate": 1.0
    },
    "5.5-8.5": {
      "games": 63,
      "win_rate": 0.9523809523809523
    },
    "2.5-5.5": {
      "games": 92,
      "win_rate": 0.9565217391304348
    }
  },
  "seasons": {
    "2026": {
      "spread": {
        "games": 512,
        "mae": 1.511644939344146,
        "rmse": 3.031849527873575,
        "win_rate": 0.96875,
        "ats_cover_rate": 0.501953125
      },
      "total": {
        "games": 512,
        "mae": 11.279330185564586,
        "rmse": 37.805179922885
      }
    }
  }
}