{
  "as_of_utc": "2026-01-02T09:51:40Z",
  "games_total": 502,
  "spread": {
    "games": 502,
    "mae": 1.3124931231013213,
    "rmse": 2.4320065929292634,
    "win_rate": 0.9721115537848606,
    "ats_cover_rate": 0.5039840637450199
  },
  "total": {
    "games": 502,
    "mae": 11.272935221033405,
    "rmse": 38.12627620418325
  },
  "buckets": {
    "0-2.5": {
      "games": 58,
      "win_rate": 0.8448275862068966
    },
    "8.5+": {
      "games": 296,
      "win_rate": 1.0
    },
    "5.5-8.5": {
      "games": 62,
      "win_rate": 0.967741935483871
    },
    "2.5-5.5": {
      "games": 86,
      "win_rate": 0.9651162790697675
    }
  },
  "seasons": {
    "2026": {
      "spread": {
        "games": 502,
        "mae": 1.3124931231013213,
        "rmse": 2.4320065929292634,
        "win_rate": 0.9721115537848606,
        "ats_cover_rate": 0.5039840637450199
      },
      "total": {
        "games": 502,
        "mae": 11.272935221033405,
        "rmse": 38.12627620418325
      }
    }
  }
}