{
  "as_of_utc": "2025-12-29T20:24:24Z",
  "games_total": 6,
  "spread": {
    "games": 6,
    "mae": 20.020241401160142,
    "rmse": 26.25565981550403,
    "win_rate": 0.5,
    "ats_cover_rate": 1.0
  },
  "total": {
    "games": 6,
    "mae": 3.831401444677487,
    "rmse": 5.443108213516812
  },
  "buckets": {
    "8.5+": {
      "games": 3,
      "win_rate": 0.0
    },
    "2.5-5.5": {
      "games": 2,
      "win_rate": 1.0
    },
    "0-2.5": {
      "games": 1,
      "win_rate": 1.0
    }
  },
  "seasons": {
    "2026": {
      "spread": {
        "games": 6,
        "mae": 20.020241401160142,
        "rmse": 26.25565981550403,
        "win_rate": 0.5,
        "ats_cover_rate": 1.0
      },
      "total": {
        "games": 6,
        "mae": 3.831401444677487,
        "rmse": 5.443108213516812
      }
    }
  }
}