{
  "as_of_utc": "2025-12-31T16:39:51Z",
  "games_total": 488,
  "spread": {
    "games": 488,
    "mae": 23.589490026344652,
    "rmse": 29.350383114108837,
    "win_rate": 0.0430327868852459,
    "ats_cover_rate": 0.5471311475409836
  },
  "total": {
    "games": 488,
    "mae": 6.097489617368403,
    "rmse": 13.226884114148865
  },
  "buckets": {
    "2.5-5.5": {
      "games": 92,
      "win_rate": 0.08695652173913043
    },
    "8.5+": {
      "games": 271,
      "win_rate": 0.007380073800738007
    },
    "5.5-8.5": {
      "games": 74,
      "win_rate": 0.02702702702702703
    },
    "0-2.5": {
      "games": 51,
      "win_rate": 0.17647058823529413
    }
  },
  "seasons": {
    "2026": {
      "spread": {
        "games": 488,
        "mae": 23.589490026344652,
        "rmse": 29.350383114108837,
        "win_rate": 0.0430327868852459,
        "ats_cover_rate": 0.5471311475409836
      },
      "total": {
        "games": 488,
        "mae": 6.097489617368403,
        "rmse": 13.226884114148865
      }
    }
  }
}