{
  "as_of_utc": "2026-01-01T15:55:25Z",
  "games_total": 497,
  "spread": {
    "games": 497,
    "mae": 23.454468514627425,
    "rmse": 29.203693347668583,
    "win_rate": 0.052313883299798795,
    "ats_cover_rate": 0.545271629778672
  },
  "total": {
    "games": 497,
    "mae": 6.171275931238539,
    "rmse": 13.204653645446976
  },
  "buckets": {
    "2.5-5.5": {
      "games": 94,
      "win_rate": 0.09574468085106383
    },
    "8.5+": {
      "games": 278,
      "win_rate": 0.02158273381294964
    },
    "5.5-8.5": {
      "games": 74,
      "win_rate": 0.02702702702702703
    },
    "0-2.5": {
      "games": 51,
      "win_rate": 0.17647058823529413
    }
  },
  "seasons": {
    "2026": {
      "spread": {
        "games": 497,
        "mae": 23.454468514627425,
        "rmse": 29.203693347668583,
        "win_rate": 0.052313883299798795,
        "ats_cover_rate": 0.545271629778672
      },
      "total": {
        "games": 497,
        "mae": 6.171275931238539,
        "rmse": 13.204653645446976
      }
    }
  }
}