{
  "as_of_utc": "2025-12-29T20:20:00Z",
  "games_total": 6,
  "spread": {
    "games": 6,
    "mae": 20.020241401160142,
    "win_rate": 0.5
  },
  "total": {
    "games": 6,
    "mae": 3.831401444677487
  }
}